2004-10-24,Matt 01:18-25,,sermon_Matt1v18-25_keele.mp3,,,
2004-10-31,Matt 03:1-2; Matt 4:17,,sermon_Matt3v1-2_4v17_keele_0.mp3,,,
2004-11-07,Matt 04:12-17,,sermon_Matt4v12-17_keele.mp3,,,
2004-11-14,Matt 05:1-12,,sermon_Matt5v1-12_pt2_keele.mp3,,,
2004-11-21,Matt 05:1-12,,sermon_Matt5v1-12_pt1_keele.mp3,,,
2004-11-28,Matt 05:11-16,,sermon_Matt5v11-16_keele.mp3,,,
2004-12-05,Matt 05:17-20,,sermon_Matt5v17-20_keele.mp3,,,
2004-12-12,Matt 05:21-30,,sermon_Matt5v21-30_keele.mp3,,,
2004-12-19,Matt 05:31-48,,sermon_Matt5v31-48_pt2_keele.mp3,,,
2004-12-26,Matt 05:31-48,,sermon_Matt5v31-48_pt1_keele.mp3,,,
2005-01-02,Matt 06:1-4,,sermon_Matt6v1-4_keele.mp3,,,
2005-01-09,Matt 06:16-18,,sermon_Matt6v5-15_keele.mp3,,,
2005-01-16,Matt 06:19-24,,sermon_Matt6v9-15_keele.mp3,,,
2005-01-23,Matt 06:5-15,,sermon_Matt6v16-18_keele.mp3,,,
2005-01-30,Matt 06:9-15,,sermon_Matt6v19-24_keele.mp3,,,
2005-02-06,Matt 07:1-12,,sermon_Matt7v1-12_keele.mp3,,,
2005-02-13,Matt 07:13-23,,sermon_Matt7v7-12_keele.mp3,,,
2005-02-20,Matt 07:7-12,,sermon_Matt7v13-23_keele.mp3,,,
2005-02-27,Matt 08:1-17,,sermon_Matt8v1-17_keele.mp3,,,
2005-03-06,Matt 08:18-27,,sermon_Matt8v18-27_keele.mp3,,,
2005-03-13,Matt 08:23-34,,sermon_Matt8v23-34_keele.mp3,,,
2005-03-20,Matt 09:1-13,,sermon_Matt9v1-13_keele.mp3,,,
2005-03-27,Matt 09:10-17,,sermon_Matt9v10-17_keele.mp3,,,
2005-04-03,Matt 09:18-34,,sermon_Matt9v18-34_keele.mp3,,,
2005-04-10,Matt 10:1-23,,sermon_Matt10v1-23_keele.mp3,,,
2005-04-17,Matt 10:24-42,,sermon_Matt10v24-42_keele.mp3,,,
2005-04-24,Matt 11:1-15,,sermon_Matt11v1-15_keele.mp3,,,
2005-05-01,Matt 11:1-24,,sermon_Matt11v1-24_keele.mp3,,,
2005-05-08,Matt 12:1-21,,sermon_Matt12v1-21_keele.mp3,,,
2005-05-15,Matt 12:1-8,,sermon_Matt12v1-8_keele.mp3,,,
2005-05-22,Matt 12:22-30,,sermon_Matt12v22-30_keele.mp3,,,
2005-05-29,Matt 12:22-37,,sermon_Matt12v22-37_keele.mp3,,,
2005-06-05,Matt 12:38-50,,sermon_Matt12v38-50_keele.mp3,,,
2005-06-12,Matt 13:1-17,,sermon_Matt13v1-23_keele.mp3,,,
2005-06-19,Matt 13:1-23,,sermon_Matt13v1-17_keele.mp3,,,
2005-06-26,Matt 13:24-43,,sermon_Matt13v24-43_keele.mp3,,,
2005-07-03,Matt 13:31-35,,sermon_Matt13v31-35_keele.mp3,,,
2005-07-10,Matt 13:44-52,,sermon_Matt13v44-52_keele.mp3,,,
2005-07-17,Matt 13:53-58,,sermon_Matt13v53-58_keele.mp3,,,
2005-07-24,Matt 14:1-13,,sermon_Matt14v1-13_keele.mp3,,,
2005-07-31,Matt 15:1-20,,sermon_Matt15v1-20_keele.mp3,,,
2005-08-07,Matt 16:1-12,,sermon_Matt16v1-12_keele.mp3,,,
2005-08-14,Matt 16:13-20,,sermon_Matt16v13-20_keele.mp3,,,
2005-08-21,Matt 16:21-28,,sermon_Matt16v21-28_keele.mp3,,,
2005-08-28,Matt 17:1-13,,sermon_Matt17v1-13_keele.mp3,,,
2005-09-04,Matt 17:24-27,,sermon_Matt17v24-27_keele.mp3,,,
2005-09-11,Matt 18:1-14,,sermon_Matt18v1-14_keele.mp3,,,
2005-09-18,Matt 18:1-5,,sermon_Matt18v1-5_keele.mp3,,,
2005-09-25,Matt 18:15-35,,sermon_Matt18v15-35_keele.mp3,,,
2005-10-02,Matt 19:1-12,,sermon_Matt19v1-12_keele.mp3,,,
2005-10-09,Matt 19:13-15,,sermon_Matt19v13-15_keele.mp3,,,
2005-10-16,Matt 19:16-30,,sermon_Matt19v16-30_keele.mp3,,,
2005-10-23,Matt 19:27-20:16,,sermon_Matt19v27-20v16_keele.mp3,,,
2005-10-30,Matt 20:17-28,Deut 01:1-46,sermon_Matt20v17-28_keele.mp3,sermon_Deut1v1-5_keele.mp3,,
2005-11-06,Matt 20:29-34,Deut 01:1-5,sermon_Matt20v29-34_keele.mp3,sermon_Deut1v1-46_keele.mp3,,
2005-11-13,Matt 21:1-11,Deut 02:24-3:17,sermon_Matt21v1-11_keele.mp3,sermon_Deut2v24-3v17_keele.mp3,,
2005-11-20,Matt 21:12-22,Deut 03:18-29,sermon_Matt21v12-22_keele.mp3,sermon_Deut3v18-29_keele.mp3,,
2005-11-27,Matt 21:23-32,Deut 04:1-31,sermon_Matt21v23-32_keele.mp3,sermon_Deut4v1-31_keele.mp3,,
2005-12-04,Matt 21:33-46,Deut 04:25-40; Deut 30,sermon_Matt21v33-46_keele.mp3,sermon_Deut4v25-40_and_Deut30_keele.mp3,,
2005-12-11,Matt 22:1-14,Deut 04:32-40,sermon_Matt22v1-14_keele.mp3,sermon_Deut4v32-40_keele.mp3,,
2005-12-18,Matt 22:15-22,Deut 04:41-5:5,sermon_Matt22v15-22_keele.mp3,sermon_Deut4v41-5v5_keele.mp3,,
2005-12-25,Matt 22:23-33,Deut 05:1-11,sermon_Matt22v23-33_keele.mp3,sermon_Deut5v1-21_keele.mp3,,
2006-01-01,Matt 22:34-40,Deut 05:1-21,sermon_Matt22v34-40_keele.mp3,sermon_Deut5v1-11_keele.mp3,,
2006-01-08,Matt 22:41-46,Deut 05:6-17,sermon_Matt22v41-46_keele.mp3,sermon_Deut5v6-18_keele.mp3,,
2006-01-15,Matt 23:1-12,Deut 05:6-18,sermon_Matt23v1-12_keele.mp3,sermon_Deut5v6-20_keele.mp3,,
2006-01-22,Matt 23:13-33,Deut 05:6-19,sermon_Matt23v13-33_keele.mp3,sermon_Deut5v6-17_keele.mp3,,
2006-01-29,Matt 23:29-39,Deut 05:6-20,sermon_Matt23v29-39_keele.mp3,sermon_Deut5v6-19_keele.mp3,,
2006-02-05,Matt 24:1-31,Deut 08,sermon_Matt24v1-31_keele.mp3,sermon_Deut8_keele.mp3,,
2006-02-12,Matt 24:32-51,Deut 15,sermon_Matt24v32-51_keele.mp3,sermon_Deut15_keele.mp3,,
2006-02-19,Matt 25:1-13,Deut 16:1-17,sermon_Matt25v1-13_keele.mp3,sermon_Deut16v1-17_keele.mp3,,
2006-02-26,Matt 25:31-46,Deut 16:18-17:13,sermon_Matt25v31-46_keele_0.mp3,sermon_Deut16v18-17v13_keele.mp3,,
2006-03-05,Matt 26:1-16,Deut 17:14-20,sermon_Matt26v1-16_keele.mp3,sermon_Deut17v14-20_keele.mp3,,
2006-03-12,Matt 26:17-30,Deut 20,sermon_Matt26v17-30_keele.mp3,sermon_Deut20_keele.mp3,,
2006-03-19,Matt 26:30-35,Deut 22,sermon_Matt26v30-35_keele.mp3,sermon_Deut22_keele.mp3,,
2006-03-26,Matt 26:36-46,Deut 23,sermon_Matt26v36-46_keele.mp3,sermon_Deut23_keele.mp3,,
2006-04-02,Matt 26:47-56,Deut 25,sermon_Matt26v47-56_keele.mp3,sermon_Deut25_keele.mp3,,
2006-04-09,Matt 26:57-68,Deut 26,sermon_Matt26v57-75_keele.mp3,sermon_Deut26_keele.mp3,,
2006-04-16,Matt 26:57-75,Deut 28:1-14,sermon_Matt26v57-68_keele.mp3,sermon_Deut28v1-14_keele.mp3,,
2006-04-23,Matt 27:1-10,Deut 28:15-29:1,sermon_Matt27v1-10_keele.mp3,sermon_Deut28v15-29v1_keele.mp3,,
2006-04-30,Matt 27:11-26,Deut 29:2-29,sermon_Matt27v11-26_keele.mp3,sermon_Deut29v2-29_keele.mp3,,
2006-05-07,Matt 27:27-31,Deut 30:1-10,sermon_Matt27v27-31_keele.mp3,sermon_Deut30v1-10_keele.mp3,,
2006-05-14,Matt 27:32-38,Deut 30:11-20,sermon_Matt27v32-38_keele.mp3,sermon_Deut30v11-20_keele.mp3,,
2006-05-21,Matt 27:45-50,Deut 31:1-29,sermon_Matt27v45-56_keele.mp3,sermon_Deut31v1-29_keele.mp3,,
2006-05-28,Matt 27:45-56,Deut 31:19-32:14,sermon_Matt27v45-50_keele.mp3,sermon_Deut31v19-32v14_keele.mp3,,
2006-06-04,Matt 27:57-66,Deut 32:1-25,sermon_Matt27v57-66_keele.mp3,sermon_Deut32v1-25_keele.mp3,,
2006-06-11,Matt 27:62-28:15,Deut 32:1-44,sermon_Matt27v62-28v15_keele.mp3,sermon_Deut32v1-44_keele.mp3,,
2006-06-18,Matt 28:1-10,Deut 33:1-11,sermon_Matt28v1-10_keele.mp3,sermon_Deut33v1-11_keele.mp3,,
2006-06-25,Matt 28:16-20,Deut 34,sermon_Matt28v16-20_keele.mp3,sermon_Deut34_keele.mp3,,
2006-07-02,1Thess 1:2-10,Hosea 1:1-2:1,sermon_1Thess1v2-10_keele.mp3,sermon_Hosea1v1-3_keele.mp3,,
2006-07-09,1Thess 2:1-12,Hosea 1:1-3,sermon_1Thess2v1-12_keele_pt2.mp3,sermon_Hosea1v1-2v1_keele.mp3,,
2006-07-16,1Thess 2:1-12,Hosea 2:14-23,sermon_1Thess2v1-12_keele_pt1.mp3,sermon_Hosea2v2-13_keele.mp3,,
2006-07-23,1Thess 2:17-20,Hosea 2:2-13,sermon_1Thess2v17-20_keele.mp3,sermon_Hosea2v14-23_keele.mp3,,
2006-07-30,1Thess 3:1-10,Hosea 3,sermon_1Thess3v1-10_keele.mp3,sermon_Hosea3_keele.mp3,,
2006-08-06,1Thess 3:1-5,Hosea 5,sermon_1Thess3v1-5_keele.mp3,sermon_Hosea5_keele.mp3,,
2006-08-13,1Thess 3:11-13,Hosea 5:8-6:6,sermon_1Thess3v11-13_keele.mp3,sermon_Hosea5v8-6v6_keele.mp3,,
2006-08-20,1Thess 4:1-8,Hosea 6:4-7:16,sermon_1Thess4v1-8_keele.mp3,sermon_Hosea6v4-7v16_keele.mp3,,
2006-08-27,1Thess 4:13-18,Hosea 8,sermon_1Thess4v9-12_keele.mp3,sermon_Hosea8_keele.mp3,,
2006-09-03,1Thess 4:9-12,Hosea 9,sermon_1Thess4v13-18_keele.mp3,sermon_Hosea9_keele.mp3,,
2006-09-10,1Thess 5:1-11,Hosea 10,sermon_1Thess5v1-11_keele.mp3,sermon_Hosea10_keele.mp3,,
2006-09-17,1Thess 5:1-5,Hosea 11,sermon_1Thess5v1-5_keele.mp3,sermon_Hosea11_keele.mp3,,
2006-09-24,1Thess 5:12-15,Hosea 12,sermon_1Thess5v12-15_keele.mp3,sermon_Hosea12_keele.mp3,,
2006-10-01,1Thess 5:12-24,Hosea 13,sermon_1Thess5v12-24_keele.mp3,sermon_Hosea13_keele.mp3,,
2006-10-08,1Thess 5:23-28,Hosea 14:1-9,sermon_1Thess5v23-28_keele.mp3,sermon_Hosea14v1-9_keele.mp3,,
2006-10-15,2Thess 1:1-5,,sermon_2Thess1v1-5_keele.mp3,,,
2006-10-22,2Thess 1:11-12,,sermon_2Thess1v3-10_keele.mp3,,,
2006-10-29,2Thess 1:3-10,,sermon_2Thess1v11-12_keele.mp3,,,
2006-11-05,2Thess 2:1-12,,sermon_2Thess2v1-12_pt2_keele.mp3,,,
2006-11-12,2Thess 2:1-12,,sermon_2Thess2v1-12_pt1_keele.mp3,,,
2006-11-19,2Thess 2:13-3:5,,sermon_2Thess2v13-3v5_keele.mp3,,,
2006-11-26,2Thess 3:6-12,,sermon_2Thess3v6-12_keele.mp3,,,
2008-01-06,Rev 1:1-3,,sermon_Rev1v1-3_keele_0.mp3,,,mason
2008-01-13,Rev 1:1-6,,sermon_Rev1v1-6_keele.mp3,,,mason
2008-01-20,Rev 1:9-11,,sermon_Rev1v9-11_keele.mp3,,,mason
2008-01-27,Rev 1:12-20,,sermon_Rev1v12-20_keele.mp3,,,mason
2008-02-03,Rev 2:1-7,,sermon_Rev2v1-7_keele.mp3,,,mason
2008-02-10,Rev 2:8-11,,sermon_Rev2v8-11_keele.mp3,,,mason
2008-02-17,Rev 2:12-17,,sermon_Rev2v12-17_keele.mp3,,,mason
2008-02-24,Rev 2:18-29,,sermon_Rev2v18-29_keele.mp3,,,mason
2008-03-02,Rev 3:1-6,,sermon_Rev3v1-6_keele.mp3,,,mason
2008-03-09,Rev 3:7-13,,sermon_Rev3v7-13_keele.mp3,,,
2008-03-16,Rev 3:14-22,,sermon_Rev3v14-22_keele.mp3,,,mason
2008-03-23,Rev 4,,sermon_Rev4_keele.mp3,,,mason
2008-03-30,Rev 5:1-17,,sermon_Rev5v1-10_keele.mp3,,,mason
2008-04-06,Rev 5:1-10,,sermon_Rev5v1-7_keele.mp3,,,mason
2008-04-13,Rev 5:11-14,,sermon_Rev5v11-14_keele.mp3,Judges 1:1-2:5?,,mason
2008-04-20,Rev 6:1-11,,sermon_Rev6v1-11_keele.mp3,Judges 2:6-19,sermon_Judges2v1-5_keele_0.mp3,mason
2008-04-27,Rev 6:12-17,,sermon_Rev6v12-17_keele.mp3,Judges 2:20-3:6?,sermon_Judges2v6-19_keele_0.mp3,mason
2008-05-04,rev 7,,sermon_Rev7_keele.mp3,Judges 3:7-11,sermon_Judges2v16-3v6_keele_0.mp3,mason
2008-05-11,Rev 7:1-8,,sermon_Rev7v1-8_keele.mp3,Judges 3:12-30,sermon_Judges3v7-11_keele.mp3,mason
2008-05-18,Rev 7:9-17,,sermon_Rev7v9-17_keele.mp3,Judges 3:31-4:24,sermon_Judges3v12-30_keele.mp3,mason
2008-05-25,Rev 7:13-17,,sermon_Rev7v13-17_keele.mp3,Judges 5:1-23,sermon_Judges3v31-4v24_keele.mp3,mason
2008-06-01,Rev 8:1-5?,,,Judges 5:24-31,sermon_Judges5v1-23_keele.mp3,mason
2008-06-08,Rev 8:6-12,,sermon_Rev8v6-12_keele.mp3,Judges 6-7:23?,sermon_Judges5v24-31_keele.mp3,mason
2008-06-15,Rev 9?,,,Judges 7:24-8:32,sermon_Judges7v24-8v32_keele.mp3,
2008-06-22,Rev 10:1-7,,sermon_Rev10v1-7_keele.mp3,Judges 8:29-9:21,sermon_Judges8v29-9v21_keele.mp3,mason
2008-06-29,Rev 10:1-11:2,,sermon_Rev10v1-11v2_keele.mp3,Judges 9:22-57,sermon_Judges9v22-57_keele.mp3,mason
2008-07-06,Rev 11:3-6,,sermon_Rev11v3-6_keele.mp3,Judges 10:1-16,sermon_Judges10v1-16_keele.mp3,mason
2008-07-13,Rev 11:3-14,,sermon_Rev11v3-14_keele.mp3,Judges 10:17-11:11,sermon_Judges10v17-11v11_keele.mp3,mason
2008-07-20,Rev 11:15-19,,sermon_Rev11v15-19_keele.mp3,Judges 11:12-40,sermon_Judges11v12-40_keele.mp3,mason
2008-07-27,Rev 11:15-19,,sermon_Rev11v15-19_2_keele.mp3,Judges 12:1-7,sermon_Judges12v1-7_keele.mp3,mason
2008-08-03,Rev 12:1-12,,sermon_Rev12v1-12_keele.mp3,Judges 12:8-13:7,sermon_Judges12v8-13v7_keele.mp3,mason
2008-08-10,Rev 12:1-6,,sermon_Rev12v1-6_keele.mp3,Judges 14,sermon_Judges14_keele.mp3,mason
2008-08-17,Rev 12:7-12,,sermon_Rev12v7-12_keele.mp3,Judges 15,sermon_Judges15_keele.mp3,mason
2008-08-24,Rev 12:13-17,,sermon_Rev12v13-17_keele.mp3,Judges 16,sermon_Judges16_keele.mp3,mason
2008-08-31,Rev 13:1-10,,sermon_Rev13v1-10_keele.mp3,Judges 17,sermon_Judges17_keele.mp3,
2008-09-07,Rev 13:11-18,,sermon_Rev13v11-18_keele.mp3,Judges 18,sermon_Judges18_keele.mp3,mason
2008-09-14,Rev 14:1-13?,,,Judges 19:1-28,sermon_Judges19v1-28_keele.mp3,mason
2008-09-21,Rev 14:14-20,,sermon_Rev14v14-20_keele.mp3,Judges 19:27-20:48,sermon_Judges19v27-20v48_keele.mp3,mason
2008-09-28,isaiah 14:1-23,Rev 16:12-21,Judges 16,,,
2008-09-28,Rev 15:1-4,,sermon_Rev15v1-4_keele.mp3,,,
2008-09-28,Rev 15:1-4,,sermon_Rev15v1-4_keele.mp3,,,
2008-10-05,,Rev 17:1-10,,,,
2008-10-05,Rev 15:5-16:11,,sermon_Rev15v5-16v11_keele.mp3,,,
2008-10-12,,Rev. 17: 7-18,,,,
2008-10-12,Rev 16:12-21,,sermon_Rev16v12-21_keele.mp3,,,
2008-10-19,,Rev. 18:1-20,,,,
2008-10-19,Rev 17:1-10,,sermon_Rev17v1-10_keele.mp3,,,
2008-10-26,Jer 51:47-64 MISSING,Rev 18:20-19:3 MISSING,Malachi 2:10-16 MISSING,,,
2008-10-26,Rev 17:7-18,,sermon_Rev17v7-18_keele.mp3,,,
2008-11-02,Psalm 45 MISSING,Revelation 19:4-10 MISSING,Malachi 2:10-16 MISSING,,,
2008-11-02,Rev 18:1-20,,sermon_Rev18v1-20_keele.mp3,,,
2008-11-09,,,,,,
2008-11-09,Rev 19:11-16,,sermon_Rev19v11-16_keele.mp3,,,
2008-11-16,Isa 62 MISSING,Rev 19:11-16,Judges 18,,,
2008-11-16,Rev 19:11-21,,sermon_Rev19v11-21_keele.mp3,,,
2008-11-23,Ezek 39,Rev 19:17-21,,,,
2008-11-23,Rev 20:1-6,,sermon_Rev20v1-6_keele.mp3,,,
2008-11-30,,rev 20:1-6,,,,
2008-11-30,Rev 20:7-15,,sermon_Rev20v7-15_keele.mp3,,,
2008-12-07,,rev 20:7-15,,,,
2008-12-07,Rev 21:1-8,,sermon_Rev21v1-8_keele.mp3,,,
2008-12-14,,Rev. 21:1-4,,,,
2008-12-14,Rev 21:1-4,,sermon_Rev21v1-4_keele.mp3,,,
2008-12-21,Micah 7:1-20,Luke 1:57-80,Judges 20,,,
2008-12-21,Rev 21:9-21,,sermon_Rev21v9-21_keele.mp3,,,
2008-12-28,,,,,,
2008-12-28,Rev 22:1-5,,sermon_Rev22v1-5_keele.mp3,,,
2009-01-04,Isaiah 55,Rev 21:5-8,Malachi 4:4-6,,,
2009-01-04,Rev 22:6-21,,sermon_Rev22v6-21_keele.mp3,,,
2009-01-11,Isa 54,Rev 21:9-21,Judges 21,,,
2009-01-11,Rev 22:6-13,,sermon_Rev22v6-13_keele.mp3,,,
2009-01-18,,,,,,
2009-01-25,Ezekiel 47:1-12 MISSING,Rev 22:1-5,Jud 21:25,,,
2009-02-01,,Rev. 22: 6-13,,,,
2009-02-08,Isaiah 11:1-10 MISSING,Rev 22:6-21,Titus 1:5-9 MISSING,,,
2009-02-15,Isa 49 MISSING,Acts 1:1-8,1John 3:19-24 MISSING,sermon_Acts1v1-8_keele.mp3,,
2009-02-22,,Acts 1: 9-11,,sermon_Acts1v1-11_keele.mp3,,
2009-03-01,,Acts 1: 12-26,Ezra/Nehemiah,sermon_Acts1v12-26_keele.mp3,sermon_Ezra1_Ezra6v13-22_Nehemiah13v30-31_keele.mp3,
2009-03-08,,,Ezra 1:1-8,,sermon_Ezra1v1-8_keele.mp3,
2009-03-15,Haggai 2,Acts 2:1-13,Titus 1:10-16 MISSING,sermon_Acts2v1-13_keele_0.mp3,,
2009-03-22,Numbers 11:16-30,Acts 2:14-21,Titus 2:1-10 MISSING,,,
2009-03-29,Psalm 16,Acts 2:22-36,Ezra 1:5-2:70,,sermon_Ezra1v5-2v70_keele.mp3,
2009-04-05,Ps 110,Acts 2:22-36,Ezra 3,,sermon_Ezra3_keele_0.mp3,
2009-04-12,Ezekiel 37:1-14,Acts 2:22-41,Titus 2:11-14 MISSING,sermon_Acts2v22-41_keele.mp3,,
2009-04-19,Jer 32:36-44,Acts 2:37-41,Ezra 4,sermon_Acts2v37-41_keele.mp3,sermon_Ezra4_keele.mp3,
2009-04-26,,Acts 2: 41-47,,sermon_Acts2v41-47_keele.mp3,,
2009-05-03,Isaiah 35,Acts 3:1-10,Titus 3:1-7 MISSING,sermon_Acts3v1-10_keele.mp3,,
2009-05-10,,,,,,
2009-05-17,,,,,,
2009-05-24,,,,,,
2009-05-31,,,,,,
2009-06-07,,,,,,
2009-06-14,,,,,,
2009-06-21,,,,,,
2009-06-28,,,,,,
2009-07-05,Psalm 34,"1 Peter 2:1-3, 3:8-12",Ephesians 6:10-20,,,
2009-07-12,Exodus 17:1-7,Acts 4:32-5:11,Ezra 6:13-22 MISSING,,,
2009-07-19,Psalm 91,Acts 5:12-42,Ezra 7 MISSING,,,
2009-07-26,Exodus 18:10-27,Acts 6:1-7,Ezra 8 MISSING,,,
2009-08-02,Genesis 15,Acts 6:8-7:16,Ezra 9 MISSING,,,
2009-08-09,,,,,,
2009-08-16,Isaiah 66:1-6,Acts 7:44-60,Psalm 103,,,
2009-08-23,,Acts 8:1-25,,sermon_Acts8v1-25_keele.mp3,,
2009-08-30,Isaiah 56,Acts 8:26-40,,,,
2009-09-06,Isaiah 42:1-17,Acts 9:1-19,Nehemiah 1,,,
2009-09-13,,,,,,
2009-09-20,2 Kings 4:18-37,Acts 9:32-43,Neh 3,,,
2009-09-27,Lev 11:29-47,Acts 10:1-16,John 17:11-19,,,
2009-10-04,,,,,,
2009-10-11,Psalm 65,Acts 10:44-48,Nehemiah 5,,,
2009-10-18,Isa 49:1-7,Acts 11:1-17,Ezekiel 37:15-28,sermon_Acts11v1-17_keele.mp3,,
2009-10-25,Psalm 121,Acts 11:19-30,Nehemiah 6,sermon_Acts11v19-30_keele.mp3,sermon_Nehemiah6_keele.mp3,
2009-11-01,,,,,,
2009-11-08,,Acts 12:12-23,,sermon_Acts12v1-23_keele.mp3,,
2009-11-15,Isaiah 55,Acts 12:24--13:12,Eph 5:21-33,sermon_Acts12v24-13v12_keele.mp3,,
2009-11-22,Psalm 89:19-37,Acts 13:13-39,Isa 6:1-13,sermon_Acts13v13-39_keele.mp3,,
2009-11-29,Habakkuk 1:1-11,Acts 13:40-52,,sermon_Acts13v32-39_keele.mp3,,
2009-12-06,,,,,,
2009-12-13,,,,,,
2009-12-20,Isaiah 25,Acts 13:32-39,Nehemiah 7:1-8:12,sermon_Acts13v36-52_keele.mp3,sermon_Nehemiah7v1-8v12_keele.mp3,
2009-12-27,Psalm 147,Acts 14:1-18,Nehemiah 8:13-18,sermon_Acts14v1-18_keele.mp3,sermon_Nehemiah8v13-18_keele.mp3,
2010-01-03,,Acts 14:19-28,Nehemiah 9:1-37,sermon_Acts14v19-28_keele.mp3,sermon_Nehemiah9v1-37_keele.mp3,
2010-01-10,Psalm 133,Acts 15:1-11,,sermon_Acts15v1-11_keele.mp3,,
2010-01-17,Amos 9,Acts 15:12-21,1Thess.4:9-1 2,sermon_Acts15v12-21_keele.mp3,,
2010-01-24,Psalm 85,Acts 15:22-35,Nehemiah 10,sermon_Acts15v22-35_keele.mp3,sermon_Nehemiah9v36-10v39_keele.mp3,
2010-01-31,Psalm 33,Acts 15:36-16:10,,sermon_Acts15v36-16v10_keele.mp3,,
2010-02-07,Ezek 36:22-38,Acts 16:11-24,Ps 24,sermon_Acts16v11-24_keele.mp3,,
2010-02-14,Psalm 77,Acts 16:25-40,Nehemiah 11,sermon_Acts16v25-40_keele.mp3,sermon_Nehemiah11_keele.mp3,
2010-02-21,,Acts 17:1-9,Nehemiah 12:1-43,sermon_Acts17v1-9_keele.mp3,sermon_Nehemiah12v1-43_keele.mp3,
2010-02-28,Psalm 19,Acts 17:10-21,Hebrews 2:14-18,sermon_Acts17v10-21_keele.mp3,,
2010-03-07,Psalm 50,Acts 17:22-34,Neh 12:44-13:14,sermon_Acts17v22-34_keele.mp3,sermon_Nehemiah12v44-13v14_keele.mp3,
2010-03-14,,Acts 18:1-11,,sermon_Acts18v1-11_keele.mp3,,
2010-03-21,Psalm 28,Acts 18:5-22,1Corinthians 15:12-22,sermon_Acts18v5-22_keele.mp3,,
2010-03-28,Isaiah 40:1-11,Acts 18:23-19:7,Nehemiah 13:15-31,sermon_Acts18v22-19v9_keele.mp3,sermon_Nehemiah13v15-31_keele.mp3,
2010-04-04,,,,,sermon_Leviticus1_keele.mp3,
2010-04-11,Isaiah 8:11-22,Acts 19:8-20,Leviticus 1,sermon_Acts19v8-20_keele.mp3,sermon_Leviticus1v1-2_keele.mp3,
2010-04-18,Psalm 115,Acts 19:21-41,Mark 6:45-52,sermon_Acts19v21-41_keele.mp3,,
2010-04-25,,,Leviticus 2,,sermon_Leviticus2_keele.mp3,
2010-05-02,,Acts 20:1-12,,sermon_Acts20v1-12_keele.mp3,,
2010-05-09,Psalm 91,Acts 20:13-24,James 5:13-18,sermon_Acts20v13-24_keele.mp3,,
2010-05-16,Ezek 34:1-10,Acts 20:25-32,Lev 3,sermon_Acts20v25-32_keele.mp3,sermon_Leviticus3_keele.mp3,
2010-05-23,Ezekiel 34:11-24,Acts 20:33-38,Leviticus 4,sermon_Acts20v17-38_keele.mp3,sermon_Leviticus4_keele.mp3,
2010-05-30,Psalm 124,Acts 21:1-16,,sermon_Acts21v1-16_keele.mp3,,
2010-06-06,Numbers 6:1-21,Acts 21:17-30,2Tim 3:1-9,sermon_Acts21v17-30_keele.mp3,,
2010-06-13,,,,,,
2010-06-20,,,,,,
2010-06-27,Jeremiah 33:14-26,Acts 21:31--22:22,Lev 5:1-13,sermon_Acts21v30-22v22_keele.mp3,sermon_Leviticus5v1-13_keele.mp3,
2010-07-04,Ezekiel 13:1-16,Acts 22:23-23:11,,,,
2010-07-11,Ezekiel 13:1-16,Acts 22:23-23:11,,sermon_Acts22v22-23v11_keele.mp3,,
2010-07-18,Exodus 19,Hebrews 12:18-29,Lev 5:14-6:7,,sermon_Leviticus5v14-6v7_keele.mp3,
2010-07-25,psalm 64,Acts 23:12-35,Lev 6:8-7:10,sermon_Acts23v12-35_keele.mp3,sermon_Leviticus6v8-7v10_keele.mp3,
2010-08-01,Psalm 73,Acts 24:1-21,Lev 7:11-38,sermon_Acts24v1-21_keele.mp3,sermon_Leviticus7v11-38_keele.mp3,
2010-08-08,Psalm 56,Acts 24:22-27,Lev 8:1-13,sermon_Acts24v10-27_keele.mp3,sermon_Leviticus8v1-13_keele.mp3,
2010-08-15,Ecc 8:1-13,Acts 25:1-12,Lev 8:14-36 MISSING,sermon_Acts25v1-12_keele.mp3,,
2010-08-22,Psalm 65,Acts 25:13-17,Mark 9:2-13,,,
2010-08-29,Isaiah 42:1-9,Acts 26:1-16,,sermon_Acts26v1-18_keele.mp3,,
2010-09-05,Isa 49:1-13,Acts 26:17-23,Lev 9 MISSING,,,
2010-09-12,Isaiah 43:1-15,Acts 26:24-32,Lev 10:1-7,,sermon_Leviticus10v1-7_keele.mp3,
2010-09-19,Jonah 1,Acts 27,Lev 10:8-20,,sermon_Leviticus10v8-20_keele.mp3,
2010-09-26,,Acts 28:1-10,,sermon_Acts28v1-10_keele.mp3,,
2010-10-03,Psalm 49,Acts 28:11-22,Lev 11:1-23,sermon_Acts28v11-22_keele.mp3,sermon_Leviticus11v1-23_keele.mp3,
2010-10-10,Psalm 68:15-20,Eph. 4:1-16 (sermon text: vv. 11-16),Psalm 49,,,
2010-10-17,,,,sermon_Acts28v17-28_keele.mp3,,
2010-10-24,Isaiah 55,Acts 28:30-31,Mark 4:1-20,,,
2010-10-31,Psalm 46,1 Corinthians 1:1-3,,sermon_1Cor1v1-3_keele.mp3,,
2010-11-07,Psalm 145,1 Cor 1:4-9,Lev 12,sermon_1Cor1v4-9_keele.mp3,sermon_Leviticus12_keele.mp3,
2010-11-14,Isaiah 2:6-22,1 Cor 1:10-17,Lev 13,sermon_1Cor1v10-17_keele.mp3,sermon_Leviticus13_keele.mp3,
2010-11-21,Isa 29:11-24,1 Cor 1:18-25,Lev 14:1-32,sermon_1Cor1v18-25_keele.mp3,sermon_Leviticus14v1-32_keele.mp3,
2010-11-28,Jeremiah 9:12-26,1 Cor 1:26-31,Lev 14:33-57,sermon_1Cor1v26-31_keele.mp3,sermon_Leviticus14v33-57_keele.mp3,
2010-12-05,Jeremiah 1:1-12,1 Cor 2:1-5,Lev 15,sermon_1Cor2v1-5_keele.mp3,sermon_Leviticus15_keele_0.mp3,
2010-12-12,Psalm 29,1 Cor 2:6-16,Esther 1,sermon_1Cor2v6-16_keele.mp3,,
2010-12-19,Psalm 80,1 Cor 3:1-9,Psalm 8,sermon_1Cor3v1-4_keele.mp3,,
2010-12-26,,,,,,
2011-01-02,Amos 4,1 Cor 3:10-17,Lev 16,sermon_1Cor3v10-17_keele.mp3,sermon_Leviticus16v1-19_keele.mp3,
2011-01-09,Psalm 94,I Cor 3;18-23 MISING,Lev 16:20-34 MISSING,,,
2011-01-16,Exodus 12:1-13,1 Peter 1:13,Lev 17,,sermon_Leviticus17_keele.mp3,
2011-01-23,Psalm 139,1 Cor 4:1-5,Lev 18:1-5,sermon_1Cor4v1-5_keele.mp3,sermon_Leviticus18v1-5_keele.mp3,
2011-01-30,Psalm 40,1 Cor 4:6-13,,sermon_1Cor4v6-13_keele.mp3,,
2011-02-06,Prov 3:1-12,1 Cor 4:14-21,1John 5:4-13,sermon_1Cor4v14-21_keele.mp3,,
2011-02-13,Ezek 36:22-36,1 Cor 5:1-8,Lev 18:6-30,sermon_1Cor5v1-8_keele.mp3,sermon_Leviticus18_keele.mp3,
2011-02-20,Deut 19:15-21,1 Cor 5:9-13,Lev 19,sermon_1Cor5v6-13_keele.mp3,sermon_Leviticus19_keele.mp3,
2011-02-27,Daniel 7:15-28,1 Cor 6:1-11,Ezek 40:1-47,sermon_1Cor6v1-8_keele.mp3,,
2011-03-06,Jeremiah 7:1-15,1 Corinthians 6:9-11,John 10:1-21,,,
2011-03-13,Gen 2:15-25,1Cor 6:12-20,Lev 20 MISSING,sermon_1Cor6v12-20_keele.mp3,,
2011-03-20,Song of Songs 8,1 Cor 7:1-11,Lev 21,sermon_1Cor7v1-11_keele.mp3,sermon_Leviticus21_keele.mp3,
2011-03-27,Numbers 8:1-4,Matt 5:14-16,Mark 8:22-26,,,
2011-04-03,Ezra 9:1-9,1Cor 7:12-16,Lev 22,sermon_1Cor7v12-16_keele.mp3,sermon_Leviticus22_keele.mp3,
2011-04-10,,1 Cor 7:17-24,,sermon_1Cor7v17-24_keele.mp3,,
2011-04-17,Prov 9,1 Cor 7:25-40,Lev 23:1-22,sermon_1Cor7v25-40_keele.mp3,sermon_Leviticus23v1-14_keele.mp3,
2011-04-24,Proverbs 3:1-12,Gal 4:8-9; Rom 12:1-2,Proverbs 28,,,
2011-05-01,Isaiah 44:1-20,1 Cor 8,Lev 23:15-32,sermon_1Cor8_keele.mp3,,
2011-05-08,Psalm 147,1 Cor 9:1-18,Mark 8:27-35,sermon_1Cor9v1-18_keele_0.mp3,,
2011-05-15,Psalm 25,1 Cor 9:19-27,1Peter 2.18-25.,sermon_1Cor9v19-27_keele.mp3,,
2011-05-22,,1 Cor 10:1-5,,sermon_1Cor10v1-5_keele.mp3,,
2011-05-29,Psalm 106:1-33,1 Cor 10:6-13,,sermon_1Cor10v6-13_keele.mp3,,
2011-06-05,Deut 32:1-22,1 Cor 10:14-22,Lev 23:23-44,sermon_1Cor10v14-22_keele.mp3,sermon_Leviticus23v23-44_keele.mp3,
2011-06-12,Matt 4:1-11,Psalm 91,1Peter 2:1-3,,,
2011-06-19,Psalm 24,1 Cor 10:23--11:1,Lev 24:1-9,sermon_1Cor10v23-11v1_keele.mp3,sermon_Leviticus24v1-9_keele.mp3,
2011-06-26,Gen 2:15-25,1 Cor 11:2-16,Lev 24:10-23,sermon_1Cor11v2-16_keele.mp3,sermon_Leviticus24v10-23_keele.mp3,
2011-07-03,Leviticus 13:1-17,Mark 1:40-45,1John 1:1-4,,,
2011-07-10,Psalm 133,1 Cor 11:17-22,Lev 25:1-22 MISSING,sermon_1Cor11v17-22_keele_0.mp3,,
2011-07-17,Jer 31:23-37,1 Cor 11:23-26,Lev 25:23-55 MISSING,sermon_1Cor11v23-26_keele.mp3,,
2011-07-24,Isaiah 55,1 Cor 11:27-34,Lev 26:1-13,sermon_1Cor11v27-34_keele.mp3,sermon_Leviticus26v1-13_keele.mp3,
2011-07-31,Jer 10:1-16,1 Cor 12:1-13,,sermon_1Cor12v1-13_keele.mp3,,
2011-08-07,2 Sam 12:1-15,1 Cor 12:14-27,Lev 26:14-46,sermon_1Cor12v14-27_keele.mp3,sermon_Leviticus26v14-46_keele.mp3,
2011-08-14,Psalm 57,1 Cor 12:28--13:3,Lev 27:1-13 MISSING,sermon_1Cor12v27-13v3_keele.mp3,,
2011-08-21,,1 Cor 13:4-13,,sermon_1Cor13v4-13_keele.mp3,,
2011-08-28,Lamentations 2,Mark 15:16-39,Galatians 3:1-6,,,
2011-09-04,exodus 24:1-11,1 peter 1:1-2,gal 3:6-9,,,
2011-09-11,Psalm 111,1 Cor 14:1-19,Lev 27:14-33,sermon_1Cor14v1-19_keele.mp3,,
2011-09-18,Isaiah 28:1-23,1 Corinthians 14:20-25,Leviticus 27:34,sermon_1Cor14v20-25_keele.mp3,,
2011-09-25,Psalm 145,1 Cor 14:26-40,Phil 1:3-11,sermon_1Cor14v26-40_keele.mp3,,
2011-10-02,Isaiah 53,1 Cor 15:1-7,Jeremiah 1:1-12,sermon_1Cor15v1-7_keele.mp3,sermon_Jer1v1-12_keele.mp3,
2011-10-09,Isaiah 49:1-7,1 Cor 15:8-11,Jer 1:11-19,sermon_1Cor15v8-11_keele.mp3,sermon_Jer1v4-19_keele.mp3,
2011-10-16,,1 Cor 15:12-19,Jeremiah 2,sermon_1Cor15v12-19_keele.mp3,sermon_Jer2_keele.mp3,
2011-10-23,Psalm 8,1 Cor 15:20-28,Mark 12:13-17,sermon_1Cor15v20-28_keele.mp3,,
2011-10-30,Isa 22:1-14,1 Cor 15:29-34,,sermon_1Cor15v29-34_keele.mp3,,
2011-11-06,Gen 2:4-17,1 Cor 15:35-49,Mark 1:40-45,sermon_1Cor15v35-49_keele.mp3,,
2011-11-13,Isaiah 25,1 Cor 15:50-57,Jer 3:1-4:2,sermon_1Cor15v50-57_keele.mp3,sermon_Jer3v1-4v2_keele.mp3,
2011-11-20,Psalm 130,1 Cor 15:58,Jer 4:3-31,sermon_1Cor15v58_keele.mp3,sermon_Jer4v3-31_keele.mp3,
2011-11-27,Psalm 147,1 Cor 16:1-12,Mark 14:53-65,sermon_1Cor16v1-12_keele.mp3,,
2011-12-04,Psalm 31,1 Cor 16:13-24,Jer 5,sermon_1Cor16v12-24_keele_0.mp3,sermon_Jer5_keele.mp3,
2011-12-11,Gen 22:1-14,2 Cor 1:1-11,Jer 6,sermon_2Cor1v1-11_keele.mp3,sermon_Jer6_keele.mp3,
2011-12-18,,,Jer 7:1-8:3,,sermon_Jer7v1-8v3_keele.mp3,
2011-12-25,,,,,,
2012-01-01,Isa 42:1-9,2 Cor 1:12-24,Jer 8:4-9:3,sermon_2Cor1v12-24_keele.mp3,sermon_Jer8v4-9v3_keele.mp3,
2012-01-08,Psalm 32,2 Cor 2:1-11,Jer 9:4-26,sermon_2Cor2v1-11_keele.mp3,sermon_Jer9v3-26_keele.mp3,
2012-01-15,Ezekiel 20:33-49,2 Cor 2:12-17,Mark 14:66-72,sermon_2Cor2v12-17_keele.mp3,,
2012-01-22,Jeremiah 31:31-37,2 Cor 3:1-11,Gen 11:1-11,sermon_2Cor3v1-11_keele.mp3,,
2012-01-29,Exodus 34,2 Cor 3:12-18,,sermon_2Cor3v7-18_keele.mp3,,
2012-02-05,Gen 1:1-13,2 Cor 4:1-6,Jer 10,sermon_2Cor4v1-6_keele.mp3,sermon_Jer10_keele.mp3,
2012-02-12,Psalm 116,2 Cor 4:7-15,105-112,sermon_2Cor4v7-15_keele.mp3,,
2012-02-19,Psalm 39,2 Cor 4:16-5:5,Jer 11,sermon_2Cor4v16-5v5_keele.mp3,sermon_Jer11_keele.mp3,
2012-02-26,Isaiah 62,2 Cor 5:6-15,Gen 41:9-56,sermon_2Cor5v6-15_keele.mp3,,
2012-03-04,Psalm 22,2 Cor 5:16-21,Jer 12,sermon_2Cor5v16-21_Keele.mp3,sermon_Jer12_keele.mp3,
2012-03-11,Isaiah 49:1-13,2 Cor 6:1-13,Jer 13,sermon_2Cor6v1-13_keele.mp3,sermon_Jer13_keele.mp3,
2012-03-18,Isaiah 52:1-12,2 Corinthians 6:14-7:1,Jer 14:1-15:4,sermon_2Cor6v14-7v1_keele.mp3,sermon_Jer14v1-15v4_keele.mp3,
2012-03-25,Isaiah 40:1-11,2 Cor 7:2-9,Eph 1:7-10,sermon_2Cor7v2-9_keele.mp3,,
2012-04-01,Psalm 51,2 Cor 7:10-16,Phil 1:12-30,sermon_2Cor7v10-16_keele.mp3,,
2012-04-08,Psalm 104,2 Cor 8:1-15,Jer 15:5-21,sermon_2Cor8v1-15_keele.mp3,sermon_Jer15v5-21_keele.mp3,
2012-04-15,Prov 11,2 Cor 8:16--9:5,Lam 3,sermon_2Cor8v16-9v5_keele.mp3,,
2012-04-22,Psalm 112,2 Cor 9:6-15,Jeremiah 16,sermon_2Cor9v6-15_keele.mp3,sermon_Jeremiah16_keele.mp3,
2012-04-29,,,,,,
2012-05-06,Psalm 49,2 Cor 10:12-18,Eph 1:11-14,sermon_2Cor10v12-18_Keele.mp3,,
2012-05-13,Gen 3:1-15,2 Cor 11:1-15,Jeremiah 17,sermon_2Cor11v1-15_Keele.mp3,sermon_Jeremiah17_Keele.mp3,
2012-05-20,Ezek 34:1-10,2 Cor 11:16-33,Phil 2:1-11,sermon_2Cor11v16-33_Keele.mp3,,
2012-05-27,Psalm 73,2 Cor 12:1-10,Jer 18,sermon_2Cor12v1-10_Keele.mp3,sermon_Jeremiah18_Keele.mp3,
2012-06-03,Isaiah 64,2 Cor 12:11-21,Jer 19,sermon_2Cor12v11-21_Keele.mp3,sermon_Jeremiah19_Keele.mp3,
2012-06-10,,,,,,
2012-06-17,Psalm 23,2 Cor 13:1-10,Eph 4:30-5:2,sermon_2Cor13v1-10_Keele.mp3,,
2012-06-24,Psalm 67,2 Cor 13:11-13,Psalm 147,sermon_2Cor13v11-13_Keele.mp3,,
2012-07-01,Gen 1:1-19,John 1:1-8,Jer 20,sermon_John1v1-8.mp3,sermon_Jeremiah20_Keele.mp3,
2012-07-08,Deut 4:1-14,John 1:9-18,Jer 21,sermon_John1v9-18_Keele.mp3,sermon_Jeremiah_21_Keele.mp3,
2012-07-15,Isaiah 40:1-17,John 1:19-34,Jer 22:1-23:8,sermon_John1v19-34_Keele.mp3,sermon_Jeremiah22v1-23-23-8_Keele.mp3,
2012-07-22,Gen 28:10-22,John 1:35-51,Jer 23:9-40,sermon_John1v35-51_Keele.mp3,sermon_Jeremiah23v9-40_Keele.mp3,
2012-07-29,,,,,,
2012-08-05,Amos 9:5-15,John 2:1-11,Jer 24,sermon_John2v1-11_Keele.mp3,sermon_Jeremiah24_Keele.mp3,
2012-08-12,Psalm 69:1-21,John 2:12-22,Psalm 107:1-9,sermon_John2v12-22_Keele.mp3,,
2012-08-19,,John 2:23-3:15,Jer 25,sermon_John2v23-3v15_Keele.mp3,sermon_Jeremiah25_Keele.mp3,
2012-08-26,Psalm 103,John 3:16-21,Jer 26,sermon_John3v16-21_Keele.mp3,sermon_Jeremiah26_Keele.mp3,
2012-09-02,Isaiah 61,John 3:22-36,Jer 27,sermon_John3v22-36_Keele.mp3,sermon_Jeremiah27_Keele.mp3,
2012-09-09,,,,,,
2012-09-16,"Date: Thu, 20 Sep 2012 19:52:03",am,Jer 28,,sermon_Jeremiah28_Keele.mp3,
2012-09-23,,John 4:1-26,,sermon_John4v1-26_Keele.mp3,,
2012-09-30,Jer 31:1-14,John 4:27-42,,sermon_John4v27-42_Keele.mp3,,
2012-10-07,1 Kings 17:8-24,John 4:43-54,Jer 29,sermon_John4v43-54_Keele.mp3,sermon_Jeremiah29_Keele.mp3,
2012-10-14,Jer  17:19-27,John 5:1-18,Jer 30,sermon_John5v1-18_Keele.mp3,sermon_Jeremiah30_Keele.mp3,
2012-10-21,1 Cor 1:18-31,Prov 1:1-7,Jer 31:1-22,,sermon_Jeremiah31v1-22_Keele.mp3,
2012-10-28,Deut  32:15-43,John 5:19-30,Mark 1:21-28,sermon_John5v19-30_Keele.mp3,,
2012-11-04,Isaiah 29:13-24,John 5:31-47,Jer 31:23-40,sermon_John5v31-47_Keele.mp3,sermon_Jeremiah31v23-40_Keele.mp3,
2012-11-11,Isaiah 43:16-44:5,John 6:1-21,,sermon_John6v1-21_Keele.mp3,,
2012-11-18,Psalm 78:1-33,John 6:22-40,,sermon_John6v22-40_Keele.mp3,,
2012-11-25,Numbers 14:20-36,John 6:41-59,Jer 32,sermon_John6v41-59_Keele.mp3,sermon_Jeremiah_32_Keele.mp3,
2012-12-02,Ephesians 4:28,Proverbs 1:8-19,Gal 3:15-20,,,
2012-12-09,Lamentations 5,Hebrews 12:1-11,Psalm 137,,,
2012-12-16,Nehemiah 9:9-21,John 6:60-71,Jer 33,sermon_John6v60-71_Keele.mp3,sermon_Jeremiah33_Keele.mp3,
2012-12-23,Leviticus 12,Luke 2:21-24,Jer 34,,sermon_Jeremiah34_Keele.mp3,
2012-12-30,Ps 111,John 7:1-24,,sermon_John7v1-24_Keele.mp3,,
2013-01-06,,,,,,
2013-01-13,Exodus 17:5-6,John 7:25-39,Jer 35,sermon_John7v25-39_Keele.mp3,sermon_Jeremiah35_Keele.mp3,
2013-01-20,Isaiah 9:1-6,John 7:40-8:12,Jer 36,sermon_John7v40-8v12_Keele.mp3,sermon_Jeremiah36_Keele.mp3,
2013-01-27,Isaiah 45,John 8:13-29,James 1,sermon_John8v12-30_Keele.mp3,,
2013-02-03,,,Jer 37,,sermon_Jeremiah37_Keele.mp3,
2013-02-10,Isa 61,John 8:30-47,Jer 38,sermon_John8v30-47_Keele.mp3,sermon_Jeremiah38_Keele.mp3,
2013-02-17,Isa 48,John 8:48-59,Jer 39,sermon_John8v48-59_Keele.mp3,sermon_Jeremiah39_Keele.mp3,
2013-02-24,Job 18,John 9:1-12,Jonah 1,sermon_John9v1-12-Keele.mp3,,
2013-03-03,Isaiah 42:1-12,John 9:13-38,John 13:31-35,sermon_John9v35-10v6_Keele.mp3,,
2013-03-10,Isaiah 6,John 9:39-10:6,Jeremiah 40-41,sermon_John10v7-21_Keele.mp3,sermon_Jeremiah40v1-41v18_Keele.mp3,
2013-03-17,Ezekiel 34,John 10:7-21,Genesis 4:1-17,,,
2013-03-24,Ezekiel 37:15-28,John 10:22-30,Jeremiah 42,sermon_John10v22-30_Keele.mp3,sermon_Jeremiah42_Keele.mp3,
2013-03-31,Psalm 82,John 10:31-42,,,,
2013-04-07,Job 14,John 11:1-16,Jeremiah 43,sermon_John11v1-16_Keele.mp3,sermon_Jeremiah43_Keele.mp3,
2013-04-14,,John 11:17-27,,sermon_John11v17-27_Keele_0.mp3,,
2013-04-21,Isaiah 53,John 11:28-44,Jeremiah 44,sermon_John11v28-44_Keele.mp3,sermon_Jeremiah44_Keele.mp3,
2013-04-28,Psalm 1-2,John 11:45-57,Isaiah 36,sermon_John11v45-57_Keele.mp3,,
2013-05-05,Psalm 36,John 12:1-8,1Peter 1:22-2:3,sermon_John12v1-8_Keele.mp3,,
2013-05-12,,John 12:9-19,Jer 45 MISSING,sermon_John12v9-19_Keele.mp3,,
2013-05-19,Psalm 6,John 12:20-33,Jeremiah 46,sermon_John12v20-33_Keele.mp3,sermon_Jeremiah46_Keele.mp3,
2013-05-26,Psalm 89:19-37,John 12:34-50,Jeremiah 47-48:13,sermon_John12v34-50_Keele.mp3,sermon_Jeremiah47v1-48v13_Keele.mp3,
2013-06-02,Psalm 51,John 13:1-11,,sermon_John13v1-11_Keele.mp3,,
2013-06-09,Psalm 51,John 13:1-11,Jeremiah 48:14-47,sermon_John13v12-20.mp3,sermon_Jeremiah48v14-47_Keele.mp3,
2013-06-16,Psalm 41,John 13:12-20,Jonah 3,sermon_John13v21-30_Keele.mp3,,
2013-06-23,Gen. 3:14-24,John 13:21-30,Jer 49:1-22,,sermon_Jeremiah49v1-22_Keele.mp3,
2013-06-30,Deut 6:1-15,John 13:31-38,,sermon_John13v31-38-Keele.mp3,,
2013-07-07,Psalm 43,John 14:1-11,Jer 49:23-39,sermon_John14v1-11_Keele.mp3,sermon_Jeremiah49v23-39_Keele.mp3,
2013-07-14,,,,,,
2013-07-21,Ezek 36:22-32,John 14:12-21,Jer 50,sermon_John14v12-21_Keele.mp3,sermon_Jeremiah50_Keele.mp3,
2013-07-28,Isaiah 54,John 14:22-31,Jer 51,sermon_John14v22-31_Keele.mp3,sermon_Jeremiah51_Keele.mp3,
2013-08-04,Psalm 80,John 15:1-8,Jer 52:1-30,sermon_John15v1-8_Keele.mp3,sermon_Jeremiah52v1-30_Keele.mp3,
2013-08-11,Isaiah 41:1-20,John 15:9-17,Jer 52:31-34 MISSING,,,
2013-08-18,,,,,,
2013-08-25,Psalm 69,John 15:18-16:4,Romans 4:13-25,,,
2013-09-01,Psalm 25,John 16:5-15,Num 1:1-19,sermon_John16v4-15_Keele.mp3,sermon_Numbers1v1-19_Keele.mp3,
2013-09-08,Isaiah 66:7-14,John 16:16-24,Num 1:20-54,sermon_John16v16-24_Keele.mp3,sermon_Numbers1v17-54_Keele.mp3,
2013-09-15,Zechariah 13,John 16:25-33,Num 2,sermon_John16v25-33_Keele.mp3,sermon_Numbers2_Keele.mp3,
2013-09-22,Ezek 37:1-14,John 17:1-5,1John 1:1-4,sermon_John17v1-5_Keele_1.mp3,,
2013-09-29,Isaiah 62,John 17:6-13,,sermon_John17v6-13_Keele.mp3,,
2013-10-06,Psalm 119:137-160,John 17:14-19,Numbers 3,sermon_John17v14-19_Keele.mp3,sermon_Numbers3_Keele.mp3,
2013-10-13,Ezekiel 37:15-28,John 17:20-26,Romans 1:16-23,sermon_John17v20-26_Keele.mp3,,
2013-10-20,Lev 23:26-32,Mark 2:18-22,Numbers 4,,sermon_Numbers4_Keele.mp3,
2013-10-27,Psalm 28,John 18:1-11,Numbers 5:1-10,sermon_John18v1-11_Keele.mp3,sermon_Numbers5v1-10_Keele.mp3,
2013-11-03,,John 18:12-27,Numbers 5:11-31,sermon_John18v12-27_Keele.mp3,sermon_Numbers5v11-31_Keele.mp3,
2013-11-10,,John 18:28-32,,sermon_John18v28-32_Keele.mp3,,
2013-11-17,,,,,,
2013-11-24,Psalm 22,John 19:1-7,Numbers 6:1-21,sermon_John19v1-7_Keele.mp3,sermon_Numbers6v1-21_Keele.mp3,
2013-12-01,Exodus 12:40-13:10,John 19:8-18,Mark 9:2-13,sermon_John19v8-18_Keele.mp3,,
2013-12-08,96,559,Numbers 6:22-27,,sermon_Numbers6v22-27_Keele.mp3,
2013-12-15,,,,,,
2013-12-22,Isaiah 53,John 19:19-27,Numbers 7,sermon_John19v19-27_Keele.mp3,sermon_Numbers7_Keele.mp3,
2013-12-29,Psalm 69,John 19:28-37,,sermon_John19v28-37_Keele.mp3,,
2014-01-05,Psalm 34,John 19:36-42,Numbers 8,sermon_John19v36-42_Keele.mp3,sermon_Numbers8_Keele.mp3,
2014-01-12,,,,,,
2014-01-19,Psalm 16,John 20:1-10,Colossians 3:1-4,sermon_John20v1-10_Keele.mp3,,
2014-01-26,Psalm 30,John 20:11-18,Psalm 73,sermon_John20v10-18_Keele.mp3,,
2014-02-02,Ezek 37:1-14,John 20:19-23,Numbers 9:1-14,sermon_John20v19-23_Keele.mp3,sermon_Numbers9v1-14_Keele.mp3,
2014-02-09,Isaiah 55,John 20:24-31,Numbers 9:15-23,sermon_John20v24-31_Keele.mp3,sermon_Numbers9v15-23_Keele.mp3,
2014-02-16,Nehemiah 9:6-21,John 21:1-14,Philippians 1:18-26,sermon_John21v1-14_Keele.mp3,,
2014-02-23,Ezekiel 34:1-16,John 21:15-19,Numbers 10,sermon_John21v15-19_Keele.mp3,sermon_Numbers10_Keele.mp3,
2014-03-02,Psalm 19,John 21:20-25,Psalm 2,sermon_John21v20-25_Keele.mp3,,
2014-03-09,Jeremiah 23:1-8,James 1:1-4,phil 3:1-11,sermon_James1v1-4_Keele.mp3,,
2014-03-16,Jeremiah 9:12-24,James 1:5-12,Numbers 11,sermon_James1v5-12_Keele.mp3,sermon_Numbers11_Keele.mp3,
2014-03-23,Isaiah 49:1-7,Luke 7:1-10,Numbers 12,,sermon_Numbers12_Keele.mp3,
2014-03-30,Proverbs 9,James 1:13-18,,sermon_James1v13-18_Keele.mp3,,
2014-04-06,Ecc 5:1-7,James 1:19-27,Titus 1:5-9,sermon_James1v19-27_Keele.mp3,,
2014-04-13,Psalm 72,James 2:1-13,Numbers 13,sermon_James2v1-13_Keele.mp3,sermon_Numbers13_Keele.mp3,
2014-04-20,Isaiah 26,Rev 14:6-13,Ephesians 2:1-10,,,
2014-04-27,Genesis 22:1-19,James 2:14-26,Numbers 14,sermon_James2v14-26_Keele.mp3,sermon_Numbers14_Keele.mp3,
2014-05-04,Psalm 8,James 3:1-12,Phil 2:1-11,sermon_James3v1-12_Keele.mp3,,
2014-05-11,Job 28,James 3:13-18,Num 15:1-31,sermon_James3v10-18_Keele.mp3,sermon_Numbers15v1-31_Keele.mp3,
2014-05-18,Proverbs 3:13-35,James 4:1-10,Num 15:32-41,sermon_James4v1-10_Keele.mp3,sermon_Numbers15v32-41_Keele.mp3,
2014-05-25,Ecc 8:14-9:10,James 4:11-17,Num 16:1-35,sermon_James4v11-17_Keele.mp3,sermon_Numbers16v1-35_Keele.mp3,
2014-06-01,Jeremiah 20,James 5:1-12,Num 16:36-17:13,sermon_James5v1-12_Keele.mp3,sermon_Numbers16v31-17v13_Keele.mp3,
2014-06-08,,,,,,
2014-06-15,Psalm 85,James 5:13-20,Titus 3:1-8,sermon_James5v13-20_Keele.mp3,,
2014-06-22,Psalm 122,2 John 1-6,Numbers 18,sermon_2John1v1-6_Keele.mp3,sermon_Numbers18_Keele_0.mp3,
2014-06-29,,,,,,
2014-07-06,,,,,,
2014-07-13,Isaiah 7:10-17,2 John 7-13,Numbers 19,sermon_2John1v7-13_Keele.mp3,sermon_Numbers19_Keele_0.mp3,
2014-07-20,Isaiah 52:1-12,3 John 1-15,Numbers 20:1-13,sermon_3John1v1-15_Keele.mp3,sermon_Number20v1-13_Keele.mp3,
2014-07-27,1 Samuel 1,Luke 1:5-17,,sermon_1Samuel1_Keele.mp3,sermon_Numbers20v14-21v9_Keele.mp3,
2014-08-03,1 Samuel 2:1-11,Luke 1:46-55,Luke 6:1-5,sermon_1Samuel2v1-11_Keele.mp3,,
2014-08-10,1 Samuel 2:11-36,Hebrews 1:1-4,Numbers 21:10-35,sermon_1Samuel2v11-36_Keele.mp3,sermon_Numbers21v10-35_Keele.mp3,
2014-08-17,1 Samuel 3,,,sermon_1Samuel3_Keele.mp3,,
2014-08-24,1 Samuel 4,1 Peter 2:4-12,Numbers 22,sermon_1Samuel4_Keele.mp3,sermon_Numbers22_Keele.mp3,
2014-08-31,1 Samuel 5,Acts 17:22-31,,sermon_1Samuel5_Keele.mp3,,
2014-09-07,1 Samuel 6:1-7:2,Hebrews 12:18-29,Numbers 22:41-23:12,sermon_1Samuel6v1-7v2_Keele.mp3,sermon_Numbers22v41-23v12_Keele.mp3,
2014-09-14,,,,,,
2014-09-21,Hosea 2:1-23,Romans 5:6-11,Matthew 26:36-46,,,
2014-09-28,,,,,,
2014-10-05,Psalm 8,Hebrews 2:5-9,1Peter 2:4-10,,,
2014-10-12,,,,,,
2014-10-19,Psalm 22:1-20,Mark 7:24-31,Numbers 23:13-26,,sermon_Numbers23v13-26_Keele.mp3,
2014-10-26,1 Sam 7:2-17,2 Cor 5:16-21,Numbers 23:27-24:25,,sermon_Numbers23v27-24v25_Keele.mp3,
2014-11-02,1 Sam 8,Matthew 20:20-28,Numbers 25,sermon_1Samuel8_Keele.mp3,sermon_Numbers25_Keele.mp3,
2014-11-09,1 Sam 9,Phil 2:5-11,Numbers 26,sermon_1Samuel9_Keele.mp3,sermon_Numbers26_Keele.mp3,
2014-11-16,1 Sam 10,Matt. 3:13-17,Numbers 27:1-11,sermon_1Samuel10_Keele.mp3,sermon_Numbers27v1-11_Keele.mp3,
2014-11-23,1 Sam 11,,,sermon_1Samuel11_Keele.mp3,,
2014-11-30,1 Sam 12,Heb 12:3-11,,sermon_1Samuel12_Keele.mp3,,
2014-12-07,1 Sam 13,Matt 16:13-20,Numbers 27:12-23,sermon_1Samuel13_Keele.mp3,sermon_Numbers27v12-23_Keele.mp3,
2014-12-14,1 Kings 4:20-34,Matt 1:18-25,Numbers 28:1-15,,sermon_Numbers28v1-15_Keele.mp3,
2014-12-21,Isaiah 42:10-25,Luke 2:1-7; 22:63-65; 23:44-46,Col.2:6-1 5,,,
2014-12-28,Micah 5,Matt 2:1-12,1Peter 2:18-25,,,
2015-01-04,1 Samuel 14:1-23,1 Corinthians 1:26-2:5,Numbers 28:16-29:11,sermon_1Samuel14v1-23_Keele.mp3,sermon_Numbers28v16-29v11_Keele.mp3,
2015-01-11,1 Samuel 14:24-52,Rom 8:26-39,Eph.4:7-1 6,sermon_1Samuel14v23-52_Keele.mp3,,
2015-01-18,1 Samuel 15,Rev. 19:11-16,1Peter 3:1-7,sermon_1Samuel15_Keele.mp3,,
2015-01-25,1 Samuel 16:1-13,John 10:7-18,Psalm 32,sermon_1Samuel16v1-13_Keele.mp3,,
2015-02-01,1 Samuel 16:14-23,Acts 10:34-43,Numbers 29:12-39,sermon_1Samuel16v14-23_Keele.mp3,sermon_Numbers29v12-29_Keele.mp3,
2015-02-08,1 Samuel 17,,,sermon_1Samuel17_Keele.mp3,,
2015-02-15,1 Samuel 18:1-18,Acts 4:23-31,Numbers 30,sermon_1Samuel18v1-16_Keele.mp3,sermon_Numbers30_Keele.mp3,
2015-02-22,1 Samuel 18:17-30,John 11:45-58,1Peter 3:8-12,sermon_1Samuel18v17-30_Keele.mp3,,
2015-03-01,1 Samuel 19,2 Corinthians 5:1-7,Numbers 31,sermon_1Samuel19_Keele.mp3,sermon_Numbers31_Keele.mp3,
2015-03-08,1 Samuel 20,John 15:12-17,Numbers 32,sermon_1Samuel20_Keele.mp3,sermon_Numbers32_Keele.mp3,
2015-03-15,1 Samuel 21,Matthew 12:1-8,Psalm 110,sermon_1Samuel21_Keele.mp3,,
2015-03-22,Psalm 34,John 19:31-37,Numbers 33,,sermon_Numbers33_Keele.mp3,
2015-03-29,1 Sam 22,Matt 9:9-13,,sermon_1Samuel22_Keele.mp3,,
2015-04-05,Psalm 16,Acts 2:22-36,Psalm 3,,,
2015-04-12,1 Samuel 23,John 16:4-15,Psalm 46,sermon_1Samuel23_Keele.mp3,,
2015-04-19,1 Samuel 24,Acts 3:11-16,Numbers 34,sermon_1Samuel24_Keele.mp3,sermon_Numbers34_Keele.mp3,
2015-04-26,Psalm 63,Matthew 4:1-11,Numbers 35,,sermon_Numbers35_Keele.mp3,
2015-05-03,Job 9:1-13,Mark 6:45-55,Numbers 36,,sermon_Numbers36_Keele.mp3,
2015-05-10,1 Samuel 25,Matt 27:6-13,1Tim 1:1-7,sermon_1Samuel25_Keele.mp3,sermon_1Timothy1v1-7_Keele.mp3,
2015-05-17,1 Samuel 26,Romans 5:12-21,1Tim 1:8-11,sermon_1Samuel26_Keele.mp3,sermon_1Timothy1v3-11_Keele.mp3,
2015-05-24,1 Samuel 27:1-28:2,Acts 26:12-18,1Tim 1:12-20,sermon_1Samuel27v1-28v3_Keele.mp3,sermon_1Timothy1v12-20_Keele.mp3,
2015-05-31,1 Samuel 28:3-25,1 Peter 1:22-25,,sermon_1Samuel28v3-25_Keele.mp3,,
2015-06-07,1 Samuel 29:1-30:8,Luke 22:39-46,1Tim 2:1-8,sermon_1Samuel29v1-30v8_Keele.mp3,sermon_1Timothy2v1-8_Keele.mp3,
2015-06-14,1 Samuel 30:9-31,Rev. 21:1-8,1Tim 2:9-15,sermon_1Samuel30_Keele.mp3,sermon_1Timothy2v9-15_Keele.mp3,
2015-06-21,1 Samuel 31,Luke 23:32-43,1Tim 3:1-7,sermon_1Samuel31_vandrunen.mp3,sermon_1Timothy3v1-7_Keele.mp3,
2015-06-28,,,,sermon_1Samuel31_Keele.mp3,,
2015-07-05,2 Samuel 1,,,,,
2015-07-12,2 Samuel 2:1-11,John 12:12-19,1Timothy 3:8-16,sermon_2Samuel1_Keele.mp3,sermon_1Timothy3v8-16_Keele.mp3,
2015-07-19,2 Samuel 2:12-32,Hebrews 12:18-24,1Timothy 4:1-7: MISSING,sermon_2Samuel2v1-11_Keele.mp3,sermon_1Timothy3v14-4v7_Keele.mp3,
2015-07-26,2 Samuel 3,Matthew 11:25-30,1Timothy 4:8-16,sermon_2Samuel2v12-32_Keele.mp3,sermon_1Timothy4v8-16_Keele.mp3,
2015-08-02,2 Samuel 4:1-5:5,Matthew 2:1-6,1Timothy 5:1-16,sermon_2Samuel3_Keele.mp3,sermon_1Timothy5v1-16_Keele.mp3,
2015-08-09,2 Samuel 5:6-25,Luke 11:14-23,1Timothy 5:17-6:2,sermon_2Samuel4v1-5v5_Keele.mp3,sermon_1Timothy5v17-6v2_Keele.mp3,
2015-08-16,,,,,,
2015-08-23,,,,sermon_2Samuel5v6-25_Keele.mp3,,
2015-08-30,2 Samuel 6,Ephesians 2:11-22,,sermon_2Samuel6_Keele.mp3,,
2015-09-06,2 Samuel 7:1-17,Luke 1:26-33,1Timothy 6:3-10,sermon_2Samuel7v1-17_Keele.mp3,sermon_1Timothy6v3-10_Keele.mp3,
2015-09-13,2 Samuel 7:18-29,Hebrews 11:8-16,1Timothy 6:11-16,sermon_2Samuel7v18-29_Keele.mp3,sermon_1Timothy6v11-16_Keele.mp3,
2015-09-20,2 Samuel 8,Romans 8:18-25,Matthew 4:1-11,sermon_2Samuel8_Keele.mp3,,
2015-09-27,2 Samuel 9,Matthew 22:1-10,1Timothy 6:17-21,sermon_2Samuel9_Keele.mp3,sermon_1Timothy6v17-21_Keele.mp3,
2015-10-04,Isaiah 43:1-7,Matthew 6:25-34,Genesis 38,,,
2015-10-11,2 Samuel 10,Supper,2Timothy 1:1-7,sermon_2Samuel10_Keele.mp3,sermon_2Timothy1v1-7_Keele.mp3,
2015-10-18,2 Samuel 11,Romans 7:13-25,John 13:31-35,sermon_2Samuel11_Keele.mp3,,
2015-10-25,2 Samuel 12:1-15,1 Peter 2:21-25,2Timothy 1:8-14,sermon_2Samuel12v1-15_Keele.mp3,sermon_2Timothy1v8-14_Keele.mp3,
2015-11-01,Psalm 51,Luke 18:9-14,2Timothy 1:15-2:7,,sermon_2Timothy1v15-2v7_Keele.mp3,
2015-11-08,2 Samuel 12:16-31,1 Thessalonians 4:13-18,Matthew 2:1-12,,,
2015-11-15,2 Samuel 13:1-22,2 Thessalonians 1:13-18,2Timothy 2:8-13,sermon_2Samuel12v15-31_Keele.mp3,sermon_2Timothy2v8-14_Keele.mp3,
2015-11-22,2 Samuel 13:23-39,Rev. 6:9-17,2Timothy 2:14-21,sermon_2Samuel13v23-39_Keele.mp3,sermon_2Timothy2v14-21_Keele.mp3,
2015-11-29,2 Samuel 14:1-24,Luke 6:32-42,,sermon_2Samuel14v1-24_Keele.mp3,,
2015-12-06,2 Samuel 14:25-15:12,Matthew 24:3-14,2Timothy 2:22-3:7,sermon_2Samuel14v25-15v12_Keele.mp3,sermon_2Timothy2v22-29_Keele.mp3,
2015-12-13,Isaiah 9:1-7,Luke 1:27-38,1Peter 2:1-12,,,
2015-12-20,2 Samuel 15:13-37,Phil. 2:5-11,2Timothy 3:10-17,sermon_2Samuel15v13-37_Keele.mp3,sermon_2Timothy3v10-17_Keele.mp3,
2015-12-27,Psalm 55,John 12:12-28,Mark 8:11-21,,,
2016-01-03,2 Samuel 16,Luke 23:6-16,2Timothy 4:1-8,,sermon_2Timothy4v1-8_Keele.mp3,
2016-01-10,2 Samuel 17,1 Corinthians 2:6-13,Acts 8:26-40,sermon_2Samuel16_Keele.mp3,,
2016-01-17,2 Samuel 18:1-18,,2Timothy 4:9-22,sermon_2Samuel17_Keele.mp3,sermon_2Timothy4v9-22_Keele.mp3,
2016-01-24,2 Samuel 18:18-19:9,Rev 7:11-17,Rev 21:1-8,sermon_2Samuel18v1-18_Keele.mp3,,
2016-01-31,2 Samuel 19:10-44,Ephesian 2:11-17,,sermon_2Samuel19v10-44_Keele.mp3,,
2016-02-07,2 Samuel 20,Hebrews 5:5-10,Ephesians 2:11-18,sermon_2Samuel20_Keele.mp3,,
2016-02-14,Psalm 86:1-7,Matthew 6:5-15,Esther 1:1-9,,sermon_Esther1v1-9_Keele.mp3,
2016-02-21,2 Samuel 21:1-14,,Esther 1:10-22,sermon_2Samuel21v1-14_Keele.mp3,sermon_Esther1v10-22_Keele.mp3,
2016-02-28,2 Samuel 21:15-22:20,Rev. 19:11-16,Esther 2:1-20,sermon_2Samuel21v15-22v20_Keele.mp3,sermon_Esther2v1-20_Keele.mp3,
2016-03-06,2 Samuel 22,1 Cor. 15:20-28,2Peter 1:16-21,sermon_2Samuel22_Keele.mp3,,
2016-03-13,2 Samuel 23:1-7,Acts 2:29-36,Esther 2:21-3:15,sermon_2Samuel23v1-7_Keele.mp3,sermon_Esther2v21-3v15_Keele.mp3,
2016-03-20,2 Samuel 23:8-39,Rev. 12:7-12,Esther 4,sermon_2Samuel23v8-39_Keele.mp3,sermon_Esther4_Keele.mp3,
2016-03-27,Psalm 110,Heb. 7:11-22,Matthew 6:25-34,,,
2016-04-03,2 Samuel 24,Rev. 6:12-17,Esther 5,sermon_2Samuel24_Keele.mp3,sermon_Esther5_Keele.mp3,
2016-04-10,2 Samuel 24:25,Rev. 6:12-17,2Peter 1:1-4,sermon_2Samuel24v25_Keele.mp3,,
2016-04-17,Psalm 78:1-8,Luke 1:1-4,John 3:1-15,sermon_Luke1v1-4_Keele.mp3,,
2016-04-24,Malachi 3:1-6,Luke 1:5-17,Esther 6,sermon_Luke1v5-17_Keele.mp3,sermon_Esther6_Keele.mp3,
2016-05-01,Daniel 9:16-27,Luke 1:18-25,Esther 7,sermon_Luke1v13-25_Keele.mp3,sermon_Esther7_Keele.mp3,
2016-05-08,Isaiah 9:1-7,Luke 1:26-38,Psalm 1,sermon_Luke1v26-38_Keele.mp3,,
2016-05-15,Judges 5:24-31,Luke 1:39-45,Esther 8,sermon_Luke1v39-45_Keele.mp3,sermon_Esther8_Keele.mp3,
2016-05-22,Exodus 15,Luke 1:46-56,Esther 9:1-19,sermon_Luke1v46-56_Keele.mp3,sermon_Esther9v1-19_Keele.mp3,
2016-05-29,Psalm 132,Luke 1:57-80,,,,
2016-06-05,Micah 5:1-6,Luke 2:1-7,Galatians 5:16-24,sermon_Luke2v1-7_Keele.mp3,,
2016-06-12,,,,,,
2016-06-19,,,,,,
2016-06-26,Isaiah 40:1-11,Luke 2:8-20,Esther 9:20-32,sermon_Luke2v8-20_Keele.mp3,sermon_Esther9v20-32_Keele.mp3,
2016-07-03,Isaiah 51:1-8,Luke 2:21-32,Esther 10:1-3,sermon_Luke2v21-32_Keele.mp3,sermon_Esther10v1-3_Keele.mp3,
2016-07-10,Isaiah 52:1-11,Luke 2:33-40,Ezekiel 1,,sermon_Ezekiel1_Keele.mp3,
2016-07-17,Proverbs 3:1-18,Luke 2:41-52,Psalm 133,sermon_Luke2v42-52_Keele.mp3,,
2016-07-24,Isaiah 35,Luke 3:1-6,Ezekiel 2:1-11,,sermon_Ezekiel2v1-3v11_Keele.mp3,
2016-07-31,Joel 2:1-17,Luke 3:7-20,,sermon_Luke3v7-20_Keele.mp3,,
2016-08-07,Psalm 2,Luke 3:21-38,Gen 1:26-28,sermon_Luke3v21-37_Keele.mp3,,
2016-08-14,Deut. 8,Luke 4:1-13,Ezekiel 3:12-27,sermon_Luke4v1-13_Keele.mp3,sermon_Ezekiel3v12-27_Keele.mp3,
2016-08-21,Psalm 49,Mark 10:17-31,Habakkuk 1:1-11,,sermon_Habakkuk1v1-11_Garcia.mp3,
2016-08-28,Isaiah 61,Luke 4:14-30,Ezekiel 4,sermon_Luke4v14-30_Keele.mp3,sermon_Ezekiel4_Keele.mp3,
2016-09-04,Isaiah 51:1-11,Luke 4:31-44,Ezekiel 5,sermon_Luke4v31-44_Keele.mp3,sermon_Ezekiel5_Keele.mp3,
2016-09-11,Isaiah 6,Luke 5:1-11,Ezekiel 6,sermon_Luke5v1-11_Keele.mp3,sermon_Ezekiel6_Keele.mp3,
2016-09-18,Lev. 14:1-20,Luke 5:12-26,Ezekiel 7,sermon_Luke5v12-26_Keele.mp3,sermon_Ezekiel7_Keele.mp3,
2016-09-25,,Luke 5:27-39,,sermon_Luke5v27-39_Keele.mp3,sermon_Habakkuk1v12-2v1_Garcia.mp3,
2016-10-02,Matthew 26:36-40,Psalm 77,Ezekiel 8,,sermon_Ezekiel8_Keele.mp3,
2016-10-09,Exodus 31:12-18,Luke 6:1-11,Ezekiel 9,sermon_Luke6v1-11-Keele.mp3,sermon_Ezekiel9_Keele.mp3,
2016-10-16,Exodus 24:1-11,Luke 6:12-19,Ezekiel 10,sermon_Luke6v12-19_Keele.mp3,sermon_Ezekiel10_Keele.mp3,
2016-10-23,,Luke 5:27-39,,,,
2016-10-30,Psalm 107,Luke 6:20-26,,sermon_Luke6v20-26_Keele.mp3,sermon_Habakkuk2v1-5_Garcia.mp3,
2016-11-06,Psalm 139,Luke 6:27-36,,sermon_Luke6v27-36_Keele.mp3,,
2016-11-13,Zechariah 3,Romans 5:12-21,John 15:1-17,sermon_Luke6v37-49_Keele.mp3,,
2016-11-20,Psalm 103,Luke 6:37-49,Ezekiel 11,sermon_Luke7v1-10_Keele.mp3,sermon_Ezekiel11_Keele.mp3,
2016-11-27,Jeremiah 17:5-18,Luke 7:1-10,Ezekiel 12,sermon_Luke7v11-23_Keele.mp3,sermon_Ezekiel12_Keele.mp3,
2016-12-04,Isaiah 35,Luke 7:11-23,Ezekiel 13,sermon_Luke7v24-35_Keele.mp3,sermon_Ezekiel13_Keele.mp3,
2016-12-11,Proverbs 23:19-28,Luke 7:24-35,Ezekiel 14,sermon_Luke7v36-50_Keele.mp3,sermon_Ezekiel14_Keele.mp3,
2016-12-18,Micah 7:14-20,Luke 7:36-50,Ezekiel 15,,sermon_Ezekiel15_Keele.mp3,
2016-12-25,Isaiah 40:12-26,Mark 10:35-45,Mark 10:46-52,,,
2017-01-01,Isaiah 6,Luke 8:1-15,Eph 3:1-13,sermon_Luke8v1-15_Keele.mp3,sermon_Habakkuk2v6-20_Garcia.mp3,
2017-01-08,,,,,,
2017-01-15,Psalm 19,Luke 8:16-21,Ezekiel 16,sermon_Luke8v9-21_Keele.mp3,sermon_Ezekiel16_Keele.mp3,
2017-01-22,Psalm 65,Luke 8:22-25,Ezekiel 17,sermon_Luke8v22-25_Keele.mp3,sermon_Ezekiel17_Keele.mp3,
2017-01-29,Isaiah 51:9-16,Luke 8:26-39,,sermon_Luke8v26-39_Keele.mp3,,
2017-02-05,Lev 15:25-33,Luke 8:40-56,Habb 3,sermon_Luke8v40-56_Keele.mp3,sermon_Habakkuk3_Garcia.mp3,
2017-02-12,,Luke 9:1-9,Ezekiel 18,sermon_Luke9v1-9_Keele.mp3,sermon_Ezekiel18_Keele.mp3,
2017-02-19,Psalm 78:17-39,Luke 9:10-22,Ezekiel 19,sermon_Luke9v10-22_Keele.mp3,sermon_Ezekiel19_Keele.mp3,
2017-02-26,Psalm 25,Luke 9:23-27,Ezekiel 20,sermon_Luke9v23-27_Keele.mp3,sermon_Ezekiel20v1-44_Keele.mp3,
2017-03-05,Exodus 24:12=E2=80=9425:9,Luke 9:28-36,,,,
2017-03-12,Isaiah 66:1-6,Luke 9:37-50,Ezekiel 21,sermon_Luke9v37-50_Keele.mp3,sermon_Ezekiel20v45-21v32_Keele.mp3,
2017-03-19,1 Kings 19:19-21,Luke 9:51-62,Ezekiel 22,sermon_Luke9v51-62_Keele.mp3,sermon_Ezekiel22_Keele.mp3,
2017-03-26,Psalm 56,Luke 10:1-16,Ezekiel 23,sermon_Luke10v1-16_Keele.mp3,sermon_Ezekiel23_Keele.mp3,
2017-04-02,Psalm 91,Luke 10:17-24,Ezekiel 24:1-14,sermon_Luke10v17-24_Keele.mp3,sermon_Ezekiel24v1-14_Keele.mp3,
2017-04-09,,Luke 10:25-28,,sermon_Luke10v25-37_Keele.mp3,,
2017-04-16,Psalm 145,Luke 10:29-37,Ezekiel 25,sermon_Luke10v25-28_Keele.mp3,sermon_Ezekiel25_Keele.mp3,
2017-04-23,Psalm 16,Luke 10:38-42,Exodus 1,sermon_Luke10v38-42_Keele.mp3,,
2017-04-30,Ezek 36:22-32,Luke 11:1-4,,sermon_Luke11v1-4_Keele.mp3,,
2017-05-07,Psalm 27,Luke 11:5-13,Ezekiel 26,,sermon_Ezekiel26_Keele.mp3,
2017-05-14,Exodus 8:16-19,Luke 11:14-28,Ezekiel 27,,sermon_Ezekiel27_Keele.mp3,
2017-05-21,Jonah 3,Luke 11:29-36,Ezekiel 28,,sermon_Ezekiel28_Keele.mp3,
2017-05-28,2 Chron. 24:17-22,Luke 11:37-54,Ezekiel 29,,sermon_Ezekiel29_Keele.mp3,
2017-06-04,Ezra 9:1-10:12,1 Cor 7:12-16,Habakkuk,,,
2017-06-11,Psalm 665,Luke 12:1-12,Ezek 30,,sermon_Ezekiel30_Keele.mp3,
2017-06-18,Ecc 5:10-17,Luke 12:13-21,Ezek 31,,sermon_Ezekiel31_Keele.mp3,
2017-06-25,,Luke 12:22-34,Ezekiel 32,,sermon_Ezekiel32_Keele.mp3,
2017-07-02,,Luke 12:35-48,Ezekiel 33,,sermon_Ezekiel33v1-20_Keele.mp3,
2017-07-09,,Luke 12:39-49,,,,
2017-07-16,,Luke 13:1-9,Ezekiel 34,,sermon_Ezekiel34_Keele.mp3,
2017-07-23,,Luke 13:10-21,Ezekiel 35,,sermon_Ezekiel35v1-36v15_Keele.mp3,
2017-07-30,,Luke 22-35,,,,
2017-08-06,,,Ezekiel 36,,sermon_Ezekiel36v16-38_Keele.mp3,
2017-08-13,,,Ezekiel 37:1-15,,,
2017-08-20,,,Ezekiel 37:15-28,,,
2017-08-27,,,Ezekiel 38,,,
2017-09-03,,Luke 14:25-35,Ezekiel 39,,,
2017-09-10,,,Ezekiel 40,,,
2017-09-17,,,,,,
2017-09-24,,,,,,
2017-10-01,,,,,,
2017-10-08,,,,,,
2017-10-15,,,,,,
2017-10-22,,,,,,
2017-10-29,,,,,,
2017-11-05,,,,,,
2017-11-12,,,,,,
2017-11-19,,,,,,
2017-11-26,,,,,,
2017-12-03,,,,,,
2017-12-10,,,,,,
2017-12-17,,,,,,
2017-12-24,,,,,,
2017-12-31,,,,,,
2018-01-28,,Luke 19:41-48,Ephesians 2:1-10 - Intern Bryce Souve,,,
2018-02-04,,Psalm 88 - guest preacher Jesse Pirschel,Ezekiel 47:13-48:29,,,
2018-02-11,,Luke 20:1-19,Ezekiel 48:30-35,,,